SALE TYPE,PROPERTY TYPE,STATE OR PROVINCE,BEDS,BATHS,STATUS,SOURCE,FAVORITE,INTERESTED,SQUARE FEET_na,LOT SIZE_na,YEAR BUILT_na,$-SQUARE FEET_na,HOA-MONTH_na,SQUARE FEET,LOT SIZE,YEAR BUILT,DAYS ON MARKET,$-SQUARE FEET,HOA-MONTH
1,2,1,2,1,1,4,1,1,1,1,1,1,1,-0.54388285,-0.44347966,0.27994004,-0.197019,-0.8942036,-0.5019034
1,2,1,2,1,1,3,1,1,2,1,1,2,1,-0.29937154,0.107320644,0.748363,-0.197019,-0.2775628,0.5810843
1,5,1,4,2,1,2,1,1,2,1,1,2,2,-0.29937154,-0.4047281,-0.83907044,-0.197019,-0.2775628,-0.26947483
1,3,1,7,7,1,2,1,1,2,1,1,2,2,-0.29937154,-0.38711378,-1.385564,-0.197019,-0.2775628,-0.26947483
1,5,1,4,2,1,4,1,1,1,1,1,1,2,-0.1611695,-0.33004332,0.07175205,-0.197019,-0.6844416,-0.26947483
1,2,1,2,1,1,2,1,1,2,2,1,2,1,-0.29937154,-0.29051676,0.14982255,-0.197019,-0.2775628,-0.5234912
1,2,1,3,1,1,2,1,1,1,2,1,1,1,-0.54388285,-0.29051676,0.14982255,-0.197019,-1.0756998,-0.5249304
1,5,1,3,3,1,1,1,1,1,1,1,1,2,-0.25930113,-0.42480847,-0.5788354,-0.197019,-0.4850933,-0.26947483
1,3,1,7,5,1,1,1,1,1,1,1,1,2,0.15939383,-0.4047281,-0.70895296,-0.197019,-0.29169568,-0.26947483
1,2,1,3,2,1,3,1,1,1,1,1,1,1,-0.58885986,1.4499557,1.685209,-0.197019,2.5720768,-0.124836594
1,2,1,3,1,1,4,1,1,1,2,1,1,1,-0.6256592,-0.29051676,-0.03234195,-0.197019,-0.8882529,-0.3975624
1,2,1,3,1,1,2,1,1,2,1,1,2,2,-0.29937154,-0.20744754,-0.65690595,-0.197019,-0.2775628,-0.26947483
1,2,1,4,4,1,3,1,1,1,1,1,1,1,0.0588089,0.021362681,1.4509975,-0.197019,0.5637168,0.16372028
1,2,1,3,3,1,2,1,1,1,1,1,1,1,-0.3206334,-0.11867129,1.477021,-0.197019,-0.5936935,-0.75304145
1,3,1,6,6,1,1,1,1,1,1,1,1,2,0.6827625,-0.36446175,-1.385564,-0.197019,-0.5297235,-0.26947483
1,2,1,5,6,1,3,1,1,1,1,1,1,1,1.1161772,-0.13212864,0.87848055,-0.197019,0.48933312,2.580834
1,2,1,2,1,1,3,1,1,2,1,1,2,1,-0.29937154,2.7156515,0.17584604,-0.197019,-0.2775628,0.21697018
1,2,1,2,1,1,3,1,1,1,1,1,1,1,-0.7483238,0.14187998,0.27994004,-0.197019,0.09807488,-0.010421276
1,4,1,5,14,1,4,1,1,1,1,1,1,2,8.533293,-0.29051676,-1.3595405,-0.197019,-0.45980284,-0.26947483
1,3,1,7,7,1,1,1,1,2,1,2,2,2,-0.29937154,-0.3835909,-0.03234195,-0.197019,-0.2775628,-0.26947483
1,2,1,3,1,1,2,1,1,2,2,1,2,1,-0.29937154,-0.29051676,0.33198705,-0.197019,-0.2775628,-0.46880212
1,2,1,2,1,1,2,1,1,1,2,1,1,1,-0.4375736,-0.29051676,0.46210453,-0.197019,-0.8837899,0.20761546
1,7,1,1,0,1,4,1,1,2,1,2,2,2,-0.29937154,-0.1052844,-0.03234195,-0.197019,-0.2775628,-0.26947483
1,2,1,4,4,1,3,1,1,1,1,1,1,1,0.35647485,-0.2990421,-1.28147,-0.197019,1.5470694,0.26302412
1,3,1,4,5,1,3,1,1,1,1,1,1,2,0.7391882,-0.41177386,-1.333517,-0.197019,-0.3080601,-0.26947483
1,5,1,3,1,1,2,1,1,1,1,1,1,2,-0.7049823,-0.38711378,-0.5788354,-0.197019,-0.1935092,-0.26947483
1,3,1,10,10,1,1,1,1,1,1,1,1,2,2.7435267,-0.39814034,-0.5528119,-0.197019,-0.96709967,-0.26947483
1,3,1,9,5,1,4,1,1,1,1,1,1,2,2.0934048,-0.40032452,1.737256,-0.197019,-0.8525488,-0.26947483
1,3,1,6,5,1,2,1,1,2,1,1,2,2,-0.29937154,-0.2910452,-0.5788354,-0.197019,-0.2775628,-0.26947483
1,2,1,2,1,1,3,1,1,2,1,1,2,1,-0.29937154,-0.2990421,-0.9952114,-0.197019,-0.2775628,-0.56091005
1,2,1,2,1,1,2,1,1,2,2,1,2,1,-0.29937154,-0.29051676,-0.05836545,-0.197019,-0.2775628,-0.59257215
1,2,1,1,1,1,3,1,1,2,1,1,2,1,-0.29937154,0.28927675,1.7112325,-0.197019,-0.2775628,-0.7249773
1,2,1,3,3,1,3,1,1,2,1,1,2,1,-0.29937154,0.32080638,0.22789304,-0.197019,-0.2775628,0.7739353
1,6,1,6,8,1,3,1,1,1,1,1,1,2,0.5355651,-0.42893022,-1.333517,-0.197019,-0.4850933,-0.26947483
1,2,1,2,1,1,2,1,1,2,2,1,2,1,-0.29937154,-0.29051676,-0.03234195,-0.197019,-0.2775628,-0.5594709
1,2,1,3,3,1,3,1,1,1,1,1,1,1,-0.30018932,1.4499557,1.685209,-0.197019,3.0808613,0.2961254
1,5,1,5,8,1,1,1,1,1,1,1,1,2,1.7622105,-0.36421514,1.2948565,-0.197019,-0.22921339,-0.26947483
1,2,1,5,8,1,3,1,1,1,1,1,1,1,1.0973687,-0.21798092,1.2428095,-0.197019,3.725024,2.336172
1,2,1,2,1,1,2,1,1,2,2,1,2,1,-0.29937154,-0.29051676,0.07175205,-0.197019,-0.2775628,-0.463765
1,2,1,4,3,1,3,1,1,1,1,1,1,1,0.07516418,-0.38711378,-1.385564,-0.197019,1.1692001,-0.6803625
1,2,1,3,2,1,2,1,1,2,2,1,2,1,-0.29937154,-0.29051676,-0.05836545,-0.197019,-0.2775628,-0.42274818
1,2,1,1,1,1,3,1,1,1,1,1,1,1,-0.8301001,0.29103816,-0.05836545,-0.197019,-0.7171704,-0.6717274
1,2,1,2,1,1,1,1,1,1,2,2,1,2,-0.7483238,-0.29051676,-0.03234195,-0.197019,-0.89717895,-0.26947483
1,2,1,3,3,1,2,1,1,1,1,1,1,1,-0.34598407,-0.017212715,1.3729271,-0.197019,0.36883155,-0.26947483
1,2,1,2,1,1,3,1,1,1,1,1,1,1,-0.64037895,1.4499557,1.685209,-0.197019,2.890439,-0.09965083
1,2,1,2,1,1,3,1,1,2,1,1,2,1,-0.29937154,-0.2704364,-0.63088244,-0.197019,-0.2775628,-0.09605286
1,2,1,2,1,1,3,1,1,2,1,1,2,1,-0.29937154,-0.38820586,-0.83907044,-0.197019,-0.2775628,-0.11836026
1,2,1,2,1,1,3,1,1,1,1,1,1,1,-0.6461033,0.4495672,0.07175205,-0.197019,-0.9090804,-0.55299455
1,6,1,5,6,1,3,1,1,1,1,1,1,2,0.94444686,-0.4315019,-1.6718224,-0.197019,-0.45980284,-0.26947483
1,5,1,3,1,1,4,1,1,1,1,1,1,2,-0.6518277,-0.44700253,0.9825745,-0.197019,-0.69188,-0.26947483
1,5,1,4,1,1,2,1,1,1,1,1,1,2,-0.5602381,-0.35808536,-0.70895296,3.4454994,-0.54460025,-0.26947483
1,2,1,2,1,1,3,1,1,2,1,1,2,1,-0.29937154,0.35138488,-0.00631845,-0.197019,-0.2775628,0.057940077
1,5,1,4,2,1,2,1,1,2,1,1,2,2,-0.29937154,-0.4047281,-0.5788354,-0.197019,-0.2775628,-0.26947483
1,2,1,3,1,1,2,1,1,2,2,1,2,1,-0.29937154,-0.29051676,0.20186955,-0.197019,-0.2775628,-0.26587686
1,2,1,5,7,1,3,1,1,1,1,1,1,1,0.79643166,-0.2952374,1.4509975,-0.197019,1.7419547,1.6863794
1,2,1,2,2,1,3,1,1,1,2,1,1,1,-0.54388285,-0.29051676,1.633162,-0.197019,-0.44938913,-0.711305
1,2,1,2,3,1,3,1,1,1,1,1,1,1,-0.58313555,0.31900972,-1.2554464,-0.197019,-1.2066152,-0.17952567
1,2,1,3,3,1,3,1,1,1,1,1,1,1,-0.30018932,1.4499557,1.685209,-0.197019,2.6464605,0.37887865
1,2,1,3,2,1,2,1,1,1,2,1,1,1,-0.2576656,-0.29051676,0.7743865,-0.197019,-0.8837899,-0.0025057513
1,2,1,3,3,1,2,1,1,1,2,1,1,1,-0.38033015,-0.29051676,0.12379905,-0.197019,-0.8689132,-0.08022182
1,5,1,7,7,2,2,1,1,1,1,1,1,2,0.72937506,-0.3709086,0.12379905,-0.197019,-0.78411573,-0.26947483
1,2,1,3,1,1,2,1,1,1,2,1,1,1,-0.5389763,-0.29051676,0.20186955,-0.197019,-0.8168446,-0.3256031
1,2,1,2,1,1,3,1,1,1,1,1,1,1,-0.48827493,0.87054986,-0.13643594,1.4107133,-0.8525488,-0.45369068
1,2,1,2,4,1,3,1,1,1,1,1,1,1,-0.42694268,2.3844316,0.904504,-0.197019,0.45809197,-0.43282247
1,6,1,6,6,1,3,1,1,1,1,1,1,2,1.3369734,-0.32722503,-1.0993054,-0.197019,-0.2277257,-0.26947483
1,2,1,1,1,1,2,1,1,2,2,1,2,1,-0.29937154,-0.29051676,0.04572855,-0.197019,-0.2775628,-0.760957
1,2,1,3,1,1,3,1,1,1,1,1,1,1,-0.657552,-0.37126088,1.3989506,2.7923584,0.6440512,-0.83795345
1,5,1,7,7,1,2,1,1,1,1,1,1,2,0.9117363,-0.17574175,-0.31860045,-0.197019,-0.59666884,-0.26947483
1,6,1,4,1,1,3,1,1,1,1,1,1,2,-0.031962857,-0.42674604,-1.333517,-0.197019,-0.91651875,-0.26947483
1,6,1,9,12,1,3,1,1,1,1,1,1,2,5.2622385,-0.404094,-1.333517,-0.197019,1.5857489,-0.26947483
1,2,1,2,2,1,3,1,1,2,1,1,2,1,-0.29937154,-0.122898735,0.59222203,1.7121632,-0.2775628,-0.060073208
1,3,1,6,3,1,2,1,1,2,1,1,2,2,-0.29937154,-0.36949944,-0.5788354,-0.197019,-0.2775628,-0.26947483
1,3,1,5,5,1,2,1,1,1,1,1,1,2,0.37528342,-0.3624537,-0.18848294,-0.197019,-0.7022937,-0.26947483
1,2,1,3,1,1,3,1,1,1,1,1,1,1,-0.37297028,0.27983546,-1.385564,-0.197019,1.292677,-0.3565456
1,2,1,1,1,1,2,1,1,2,2,2,2,1,-0.29937154,-0.29051676,-0.03234195,-0.197019,-0.2775628,-0.48031563
1,2,1,1,1,1,3,1,1,2,1,1,2,1,-0.29937154,-0.16224916,0.25391653,-0.197019,-0.2775628,-0.12555619
1,2,1,3,4,1,4,1,1,1,1,1,1,1,-0.33944198,-0.43467247,0.25391653,-0.197019,-1.0414834,-0.571704
1,2,1,3,2,1,2,1,1,1,2,1,1,1,-0.58395326,-0.29051676,0.87848055,-0.197019,-0.65766346,-0.85090613
1,2,1,4,3,1,2,1,1,1,2,1,1,1,-0.2985538,-0.29051676,0.22789304,-0.197019,-0.7707267,-0.07230629
1,3,1,6,4,1,1,1,1,1,1,1,1,2,0.78089416,-0.4047281,-1.333517,-0.197019,-0.62195927,-0.26947483
1,2,1,2,2,1,3,1,1,2,1,1,2,1,-0.29937154,-0.034827054,-0.65690595,-0.197019,-0.2775628,6.374529
1,3,1,6,5,1,3,1,1,1,1,1,1,2,0.9280916,-0.4047281,-1.385564,-0.197019,-0.3988082,-0.26947483
1,5,1,4,5,1,2,1,1,1,1,1,1,2,0.40881172,-0.33427078,-0.05836545,-0.197019,-0.55501395,-0.26947483
1,6,1,6,5,1,3,1,1,1,1,1,1,2,0.43743345,-0.38697287,-0.47474143,-0.197019,-0.22028734,-0.26947483
1,2,1,2,1,1,3,1,1,1,1,1,1,1,-0.67554283,-0.14051306,1.581115,-0.197019,0.06980908,-0.80629134
1,2,1,2,2,1,3,1,1,1,1,1,1,1,-0.4694664,-0.21435237,1.3729271,-0.197019,1.7627821,-0.13706967
1,2,1,2,1,1,3,1,1,1,1,1,1,1,-0.7074356,-0.05772569,0.904504,-0.197019,0.2676697,0.1723554
1,2,1,4,3,1,3,1,1,1,1,1,1,1,0.45378873,-0.031903073,-0.63088244,-0.197019,0.4000727,1.2308769
1,2,1,4,6,1,3,1,1,1,1,1,1,1,0.77026325,0.28716302,-0.05836545,-0.197019,3.058546,5.8535433
1,2,1,3,1,1,3,1,1,2,1,1,2,1,-0.29937154,0.22072174,0.27994004,-0.197019,-0.2775628,0.27453762
1,6,1,4,6,1,4,1,1,1,1,1,1,1,0.9280916,-0.33342528,1.3469036,-0.197019,-0.87486386,-0.98906803
1,5,1,4,2,1,4,1,1,1,1,1,1,1,-0.34598407,-0.43495432,0.7223395,-0.197019,-0.8049432,-0.88256824
1,2,1,3,1,1,2,1,1,1,2,1,1,1,-0.42121834,-0.29051676,-0.9691879,-0.197019,-0.73055947,-0.2406911
1,3,1,6,6,1,1,1,1,1,1,1,1,2,1.0605693,-0.22988822,-0.31860045,-0.197019,-1.0161929,-0.26947483
1,2,1,2,1,1,3,1,1,2,1,1,2,1,-0.29937154,0.37382555,0.30596355,7.0377765,-0.2775628,0.19466278
1,2,1,2,1,1,3,1,1,1,1,1,1,1,-0.76631457,-0.21801615,1.5030445,-0.197019,0.39709735,-0.57602155
1,3,1,8,3,1,2,1,1,1,1,1,1,2,1.1734207,-0.38711378,-1.333517,-0.197019,-0.9194941,-0.26947483
1,2,1,4,3,1,2,1,1,2,1,1,2,1,-0.29937154,3.9353738,0.904504,-0.197019,-0.2775628,-0.56091005
1,2,1,2,1,1,1,1,1,1,2,1,1,2,-0.6256592,-0.29051676,1.529068,-0.197019,-0.4612905,-0.26947483
1,2,1,3,4,1,3,1,1,1,1,1,1,1,0.39572752,0.36202395,1.4509975,-0.197019,2.7848141,4.407161
1,5,1,5,6,1,2,1,1,1,1,1,1,2,1.4187498,-0.05244139,-0.70895296,-0.197019,-0.55501395,-0.26947483
1,3,1,5,3,1,2,1,1,2,1,1,2,2,-0.29937154,-0.3835909,0.09777555,-0.197019,-0.2775628,-0.26947483
1,3,1,6,5,1,2,1,1,1,1,1,1,2,0.8136047,-0.38975593,-0.5788354,-0.197019,-0.47765493,-0.26947483
1,2,1,4,4,1,3,1,1,1,1,1,1,1,-0.33944198,-0.23763852,0.87848055,-0.197019,0.35693014,1.0322692
1,2,1,2,1,1,4,1,1,1,1,1,1,1,-0.6600053,-0.44848213,0.748363,-0.197019,-0.80345553,-0.87033516
1,3,1,5,6,1,3,1,1,1,1,1,1,2,1.5005261,-0.41652972,-1.0993054,-0.197019,-0.20987362,-0.26947483
1,2,1,4,4,1,3,1,1,1,1,1,1,1,1.6640788,-0.30344567,-1.5417049,-0.197019,1.6065763,4.2495704
1,2,1,4,3,1,2,1,1,1,2,2,1,1,0.038364813,-0.29051676,-0.03234195,-0.197019,-0.95668596,-0.71778136
1,2,1,5,7,1,3,1,1,1,1,1,1,1,1.3075339,0.028690245,-0.31860045,-0.197019,2.8368826,1.7655348
1,2,1,3,4,1,3,1,1,1,1,1,1,1,0.6762204,-0.10584806,-2.4004805,-0.197019,1.5649215,1.0761645
1,2,1,2,1,1,3,1,1,1,1,1,1,1,-0.70661783,1.4499557,1.685209,-0.197019,2.323635,-0.24644785
1,2,1,4,8,1,3,1,1,2,1,1,2,1,-0.29937154,-0.21199204,0.20186955,-0.197019,-0.2775628,2.1246116
1,6,1,3,4,1,3,1,1,2,1,1,2,2,-0.29937154,-0.41177386,-0.5788354,0.28027654,-0.2775628,-0.26947483
1,2,1,2,1,1,3,1,1,1,1,1,1,1,-0.6174816,-0.14051306,1.581115,-0.197019,-0.08490901,-0.8178048
1,2,1,2,1,1,3,1,1,2,1,1,2,1,-0.29937154,0.123208776,-0.31860045,-0.197019,-0.2775628,-0.6889976
1,6,1,5,9,1,3,1,1,1,1,1,1,2,3.7771797,-0.42072192,-1.385564,-0.197019,-0.9343708,-0.26947483
1,2,1,4,3,1,3,1,1,2,1,1,2,1,-0.29937154,0.39848563,-1.2033994,-0.197019,-0.2775628,1.2423905
1,2,1,2,3,1,3,1,1,1,1,1,1,1,-0.38033015,0.335074,-1.0212349,-0.197019,0.30039853,0.105433226
1,2,1,2,1,1,3,1,1,1,1,1,1,1,-0.6681829,-0.12730232,1.6591855,-0.197019,0.58900726,-0.3234443
1,2,1,3,1,1,3,1,1,1,1,1,1,1,-0.6534632,0.12197577,0.85245705,-0.197019,0.9832409,0.7235638
1,7,1,1,0,1,4,1,1,2,1,2,2,2,-0.29937154,0.7154028,-0.03234195,-0.197019,-0.2775628,-0.26947483
1,5,1,4,1,2,4,1,1,1,1,1,1,2,-0.20696427,-0.37443146,-0.70895296,-0.197019,-0.9715627,-0.26947483
1,6,1,9,11,1,3,1,1,1,1,1,1,2,5.5075674,-0.3865149,-2.9209504,-0.197019,3.0823488,-0.26947483
1,5,1,5,5,1,2,1,1,2,1,1,2,2,-0.29937154,-0.41177386,-0.70895296,-0.197019,-0.2775628,-0.26947483
1,2,1,2,1,1,2,1,1,1,2,1,1,1,-0.7483238,-0.29051676,-0.00631845,-0.197019,-0.78262806,-0.5594709
1,2,1,1,1,1,3,1,1,2,1,1,2,1,-0.29937154,-0.29516694,-1.0993054,-0.197019,-0.2775628,-0.4083563
1,2,1,3,1,1,3,1,1,2,1,1,2,1,-0.29937154,-0.059487123,0.14982255,-0.197019,-0.2775628,0.14860882
1,5,1,3,3,1,4,1,1,1,1,1,1,1,0.035911523,-0.4318542,0.904504,-0.197019,-0.9507352,-0.8415514
1,3,1,9,7,1,2,1,1,1,2,1,1,2,1.1079996,-0.29051676,0.33198705,-0.197019,-0.9313955,-0.26947483
1,5,1,4,3,1,2,1,1,1,1,1,1,2,-0.042593785,-0.2990421,-0.05836545,-0.197019,-0.45533982,-0.26947483
1,2,1,2,1,1,2,1,1,2,2,1,2,1,-0.29937154,-0.29051676,-0.00631845,-0.197019,-0.2775628,-0.53140676
1,3,1,7,8,1,2,1,1,2,1,1,2,2,-0.29937154,-0.3518851,-0.5788354,-0.197019,-0.2775628,-0.26947483
1,3,1,7,5,1,2,1,1,2,1,1,2,2,-0.29937154,-0.38859338,-0.05836545,-0.197019,-0.2775628,-0.26947483
1,3,1,7,7,1,1,1,1,1,1,1,1,2,0.6827625,-0.39345494,-0.65690595,-0.197019,-0.47170424,-0.26947483
1,2,1,1,1,1,3,1,1,1,1,1,1,1,-0.8301001,-0.13572197,0.22789304,-0.197019,0.55776614,-0.29681936
1,2,1,2,1,1,3,1,1,1,1,1,1,1,-0.4621065,0.1615728,0.25391653,-0.197019,-0.9299078,1.3539274
1,2,1,3,1,1,2,1,1,1,2,1,1,1,-0.21677743,-0.29051676,-0.9952114,-0.197019,-0.016476007,0.24431472
1,5,1,4,3,1,2,1,1,2,1,1,2,2,-0.29937154,-0.35893083,-0.65690595,-0.197019,-0.2775628,-0.26947483
1,2,1,3,4,1,3,1,1,2,1,1,2,1,-0.29937154,0.40553135,1.008598,2.1140962,-0.2775628,-0.7731901
1,2,1,2,1,1,3,1,1,2,1,1,2,1,-0.29937154,-0.40180415,-2.010128,-0.197019,-0.2775628,-0.6429437
1,2,1,3,1,1,2,1,1,1,2,1,1,1,-0.42121834,-0.29051676,-0.03234195,-0.197019,-0.94329685,-0.35942397
1,6,1,7,8,1,3,1,1,1,1,1,1,2,1.002508,-0.24901739,-0.70895296,-0.197019,0.8493502,-0.26947483
1,3,1,6,6,1,1,1,1,1,1,1,1,2,0.94444686,-0.32680228,1.3469036,-0.197019,-0.66361415,-0.26947483
1,6,1,4,3,1,3,1,1,2,1,1,2,2,-0.29937154,-0.38711378,-0.70895296,-0.0714149,-0.2775628,-0.26947483
1,6,1,4,5,1,4,1,1,1,1,1,1,2,0.88720345,-0.40190983,0.07175205,-0.197019,-0.71568274,-0.26947483
1,2,1,3,3,1,2,1,1,2,2,1,2,1,-0.29937154,-0.29051676,1.477021,-0.197019,-0.2775628,-0.7954975
1,5,1,4,2,1,2,1,1,1,1,1,1,2,0.5192098,-0.4135353,-0.5788354,-0.197019,-0.7885788,-0.26947483
1,2,1,4,4,1,3,1,1,2,1,1,2,1,-0.29937154,-0.4032133,-1.5417049,3.9730365,-0.2775628,0.15292637
1,2,1,2,1,1,3,1,1,2,1,1,2,1,-0.29937154,2.259264,0.27994004,-0.197019,-0.2775628,-0.4817548
1,6,1,5,8,2,4,1,1,1,1,1,1,2,0.68930465,-0.38447163,0.85245705,-0.197019,-0.86445016,-0.26947483
1,6,1,3,3,1,2,1,1,2,1,1,2,2,-0.29937154,-0.39768237,-0.18848294,2.1894586,-0.2775628,-0.26947483
1,2,1,3,3,1,3,1,1,1,1,1,1,1,-0.46374205,0.010970223,1.7112325,-0.197019,1.3685484,-0.11836026
1,2,1,3,3,1,3,1,1,2,1,1,2,1,-0.29937154,0.16139665,0.25391653,-0.197019,-0.2775628,1.1769075
1,2,1,3,3,1,2,1,1,1,2,1,1,2,-0.39668542,-0.29051676,0.20186955,-0.197019,-1.051897,-0.26947483
1,2,1,2,1,1,3,1,1,1,1,1,1,1,-0.78266984,1.4499557,1.685209,-0.197019,3.1373928,-0.31552878
1,2,1,3,3,1,3,1,1,1,1,1,1,1,-0.2985538,1.9423821,0.04572855,-0.197019,-0.9313955,-0.12555619
1,2,1,2,1,1,2,1,1,2,2,1,2,1,-0.29937154,-0.29051676,0.04572855,3.2947745,-0.2775628,-0.5141365
1,5,1,3,2,1,4,1,1,1,1,1,1,1,-0.49481705,-0.44700253,0.904504,-0.197019,-0.70973206,-0.881129
1,3,1,7,9,1,2,1,1,1,1,1,1,2,1.1668786,-0.3821113,-0.44871795,-0.197019,-0.6189839,-0.26947483
1,3,1,5,3,1,2,1,1,2,1,1,2,2,-0.29937154,-0.42540735,-0.7349764,-0.197019,-0.2775628,-0.26947483
1,2,1,3,1,1,3,1,1,2,1,1,2,1,-0.29937154,0.018015957,0.09777555,-0.197019,-0.2775628,-0.2946606
1,5,1,4,2,1,4,1,1,1,1,1,1,2,0.4472466,-0.2679352,0.20186955,-0.197019,-0.9358585,-0.26947483
1,3,1,5,5,1,1,1,1,2,1,2,2,2,-0.29937154,-0.3879945,-0.03234195,-0.197019,-0.2775628,-0.26947483
1,2,1,3,2,1,3,1,1,2,1,1,2,1,-0.29937154,-0.3835909,-1.1773759,-0.197019,-0.2775628,-0.7465651
1,2,1,4,5,1,3,1,1,1,1,1,1,1,0.59280854,-0.2978091,1.7112325,-0.197019,1.0754766,1.2567823
1,2,1,2,1,1,3,1,1,1,1,1,1,1,-0.6878093,-0.10366388,-0.81304693,-0.197019,2.4634764,-0.32056594
1,2,1,1,1,1,3,1,1,1,1,1,1,1,-0.7744922,0.38686016,-0.60485893,-0.197019,0.17245859,-0.3766942
1,2,1,4,8,1,3,1,1,2,1,1,2,1,-0.29937154,-0.17394508,0.27994004,-0.197019,-0.2775628,3.4371495
1,2,1,3,1,1,3,1,1,1,1,1,1,1,-0.4645598,13.0069685,-0.34462395,11.258074,-0.34673962,-0.008262497
1,2,1,1,1,1,3,1,1,2,1,1,2,1,-0.29937154,0.22058083,0.33198705,-0.197019,-0.2775628,-0.37309626
1,2,1,2,2,1,2,1,1,1,2,1,1,1,-0.53734076,-0.29051676,1.008598,-0.197019,-0.09532273,-0.26947483
1,2,1,3,1,1,2,1,1,2,2,1,2,1,-0.29937154,-0.29051676,-0.05836545,-0.197019,-0.2775628,-0.3666199
1,3,1,8,4,1,1,1,1,1,1,1,1,2,1.8889638,-0.26381344,-1.0993054,-0.197019,-0.39136985,-0.26947483
1,2,1,2,3,1,3,1,1,2,1,1,2,1,-0.29937154,-0.053568706,-0.9171409,-0.197019,-0.2775628,1.2747722
1,2,1,3,3,1,3,1,1,1,1,1,1,1,-0.3476196,0.9410072,1.216786,-0.197019,0.6782677,0.22632489
1,2,1,4,4,1,3,1,1,1,1,1,1,1,0.7032066,0.49790093,-1.0732819,-0.197019,0.9356353,1.3589646
1,2,1,2,1,1,3,1,1,1,1,1,1,1,-0.72133756,1.0283743,0.9305275,-0.197019,-0.09383505,-0.4594474
1,5,1,5,2,1,4,1,1,1,1,1,1,2,0.31885773,-0.26909772,-0.44871795,-0.197019,-0.8198199,-0.26947483
1,5,1,4,3,1,4,1,1,1,1,1,1,2,-0.5209855,-0.26381344,-0.5788354,-0.197019,-0.18755852,-0.26947483
1,2,1,3,3,1,3,1,1,1,1,1,1,1,-0.5700513,-0.39592093,-0.5528119,-0.197019,0.6321498,-0.44433597
1,2,1,3,4,1,3,1,1,1,1,1,1,1,-0.06957998,1.4499557,1.685209,-0.197019,2.9826748,0.7631414
1,2,1,2,1,1,3,1,1,2,1,1,2,1,-0.29937154,-0.4032133,-1.7238694,-0.197019,-0.2775628,-0.564508
1,6,1,11,13,1,3,1,1,1,1,1,1,2,3.6994922,-0.33021948,-0.83907044,-0.197019,-0.559477,-0.26947483
1,2,1,4,4,1,3,1,1,2,1,1,2,1,-0.29937154,-0.33120587,-0.70895296,-0.197019,-0.2775628,5.854263
1,2,1,2,1,1,1,1,1,1,2,2,1,2,-0.58477104,-0.29051676,-0.03234195,-0.197019,-1.0652862,-0.26947483
1,3,1,6,3,1,2,1,1,2,1,1,2,2,-0.29937154,-0.3861626,-0.70895296,-0.197019,-0.2775628,-0.26947483
1,2,1,4,4,1,3,1,1,1,1,1,1,1,0.6827625,-0.31144258,1.737256,-0.197019,0.19179834,-0.48823115
1,2,1,2,1,1,3,1,1,2,1,1,2,1,-0.29937154,-0.40296668,-2.374457,-0.197019,-0.2775628,-0.07662385
1,2,1,4,5,1,3,1,1,2,1,1,2,1,-0.29937154,-0.0010779836,-0.70895296,-0.197019,-0.2775628,1.7461057
1,2,1,3,3,1,3,1,1,1,1,1,1,1,-0.33044657,-0.12229984,-0.63088244,-0.197019,0.26915738,0.28389233
1,2,1,2,1,1,3,1,1,1,1,1,1,1,-0.65019214,-0.11233013,0.22789304,-0.197019,-0.13400225,0.32346997
1,3,1,7,7,1,2,1,1,1,1,1,1,2,0.26243204,-0.38711378,-0.83907044,-0.197019,-0.7186581,-0.26947483
1,2,1,3,3,1,3,1,1,1,1,1,1,1,-0.4890927,1.128635,0.85245705,-0.197019,0.60834706,-0.22198167
1,2,1,1,1,1,3,1,1,2,1,1,2,1,-0.29937154,-0.38521144,-1.0993054,-0.197019,-0.2775628,-0.54363984
1,2,1,2,1,1,3,1,1,1,1,1,1,1,-0.671454,-0.21097042,-0.31860045,-0.197019,-0.8793269,-0.5465182
1,2,1,2,2,1,3,1,1,1,1,1,1,1,-0.34598407,1.4191307,-1.2294229,-0.197019,3.1701217,0.27525723
1,2,1,3,4,1,3,1,1,1,1,1,1,1,-0.2732031,-0.38581032,0.82643354,-0.197019,1.142422,0.62785786
1,2,1,3,3,1,4,1,1,1,1,1,1,1,-0.2576656,0.60964626,0.904504,-0.197019,0.8597639,0.0032509943
1,5,1,5,7,1,2,1,1,2,1,1,2,2,-0.29937154,-0.33427078,-0.5788354,-0.197019,-0.2775628,-0.26947483
1,2,1,2,1,1,3,1,1,1,1,1,1,1,-0.55778486,0.38686016,-0.60485893,-0.197019,0.28700948,-0.0917353
1,2,1,2,1,1,3,1,1,2,1,1,2,1,-0.29937154,-0.12053841,0.5141515,4.2996073,-0.2775628,0.23064244
1,2,1,3,3,1,3,1,1,1,1,1,1,1,0.26570308,-0.3012615,-0.65690595,1.5111966,-0.05515553,1.3985422
1,3,1,5,7,1,2,1,1,2,1,1,2,2,-0.29937154,-0.32574543,0.20186955,-0.197019,-0.2775628,-0.26947483
1,3,1,0,0,1,3,1,1,2,1,1,2,2,-0.29937154,-0.39458227,-1.5417049,-0.197019,-0.2775628,-0.26947483
1,3,1,7,8,1,2,1,1,2,1,1,2,2,-0.29937154,-0.3413165,1.8153265,-0.197019,-0.2775628,-0.26947483
1,2,1,1,1,1,3,1,1,1,1,1,1,1,-0.9380449,-0.19074915,1.7893031,-0.197019,0.5146236,-0.76671374
1,2,1,5,7,1,3,1,1,1,1,1,1,1,1.5144281,1.3872839,0.67029256,-0.197019,2.3117337,1.3186673
1,2,1,1,1,1,2,1,1,1,2,1,1,1,-0.9118765,-0.29051676,0.09777555,-0.197019,-0.85998714,-0.7048287
1,2,1,2,1,1,3,1,1,1,1,1,1,1,-0.10310829,-0.37862366,0.540175,-0.197019,-0.0968104,-0.80629134
1,2,1,3,3,1,3,1,1,1,1,1,1,1,-0.23722152,-0.11676894,1.477021,-0.197019,0.47743174,-0.43570086
1,3,1,9,3,2,2,1,1,1,1,1,1,2,0.84631526,-0.38711378,-1.333517,-0.197019,-0.7022937,-0.26947483
1,2,1,1,1,1,3,1,1,2,1,1,2,1,-0.29937154,-0.38718423,1.6591855,-0.197019,-0.2775628,-0.8401122
1,5,1,4,5,1,1,1,1,1,1,1,1,2,-0.056495763,-0.36949944,0.33198705,-0.197019,-0.2455778,-0.26947483
1,2,1,3,3,1,3,1,1,1,1,1,1,1,-0.2985538,2.5685718,0.20186955,-0.197019,-0.7707267,0.016203672
1,2,1,3,3,1,3,1,1,1,1,1,1,1,-0.13500106,0.26768157,0.82643354,-0.197019,0.52206194,1.6165789
1,2,1,4,3,1,3,1,1,1,1,1,1,1,0.02855165,-0.11373928,-0.26655343,-0.197019,1.6318668,0.7595434
1,2,1,3,1,1,2,1,1,2,2,1,2,1,-0.29937154,-0.29051676,0.07175205,-0.197019,-0.2775628,-0.21838371
1,6,1,5,3,1,3,1,1,1,1,1,1,2,0.11032801,-0.2990421,-0.70895296,-0.197019,0.35693014,-0.26947483
1,2,1,1,1,1,3,1,1,2,1,1,2,1,-0.29937154,-0.11528934,-0.70895296,-0.197019,-0.2775628,-0.40187997
1,2,1,3,3,1,3,1,1,2,1,1,2,1,-0.29937154,0.39848563,-0.08438895,-0.197019,-0.2775628,1.6165789
1,2,1,2,2,1,3,1,1,1,1,1,1,1,-0.6534632,0.10080334,1.5030445,-0.197019,1.7077382,-0.0715867
1,2,1,5,6,1,3,1,1,2,1,1,2,1,-0.29937154,-0.19687894,1.737256,-0.197019,-0.2775628,1.4100556
1,5,1,4,3,1,2,1,1,1,1,1,1,2,-0.34025973,-0.41959462,-0.83907044,-0.197019,-0.6145209,-0.26947483
1,2,1,2,3,1,3,1,1,1,1,1,1,1,-0.58885986,1.4499557,1.685209,-0.197019,2.5720768,-0.079502225
1,2,1,5,6,1,3,1,1,1,1,1,1,1,2.0435212,1.4191307,-1.2294229,-0.197019,4.6503572,3.8048615
1,2,1,3,1,1,4,1,1,1,1,1,1,1,-0.4621065,-0.43995678,-0.08438895,-0.197019,-0.79601717,-0.28674507
1,5,1,3,3,1,4,1,1,1,1,1,1,1,-0.18079583,-0.41881958,0.87848055,-0.197019,-0.8198199,-0.8300379
1,5,1,4,3,1,4,1,1,1,1,1,1,2,-0.40976965,-0.33930847,-0.83907044,-0.197019,-0.58625513,-0.26947483
1,2,1,3,1,1,2,1,1,1,2,1,1,1,-0.33944198,-0.29051676,-0.05836545,-0.197019,-0.6799786,-0.25724176
1,3,1,8,3,1,2,1,1,2,1,1,2,2,-0.29937154,-0.36509585,-1.0993054,-0.197019,-0.2775628,-0.26947483
1,2,1,1,1,1,3,1,1,1,1,1,1,1,-0.92904955,0.119192705,1.8153265,-0.197019,0.5875196,-0.82787913
1,2,1,2,1,1,3,1,1,1,1,1,1,1,-0.6272948,0.5699788,-0.50076497,-0.197019,0.23196554,-0.57602155
1,2,1,1,1,1,3,1,1,2,1,1,2,1,-0.29937154,1.1655899,0.04572855,-0.197019,-0.2775628,-0.44505557
1,3,1,9,6,1,2,1,1,1,1,1,1,2,1.1079996,-0.30584124,-0.18848294,-0.197019,-0.44343844,-0.26947483
1,2,1,3,3,1,3,1,1,1,1,1,1,1,-0.4760085,0.4909609,1.3729271,-0.197019,0.35097945,-0.27595118
1,3,1,6,4,1,2,1,1,2,1,1,2,2,-0.29937154,-0.40412924,-1.0993054,1.8628881,-0.2775628,-0.26947483
1,2,1,3,1,1,2,1,1,1,2,1,1,1,-0.42121834,-0.29051676,0.07175205,-0.197019,-0.81238157,-0.37957257
1,2,1,3,3,1,3,1,1,1,1,1,1,1,-0.17588925,-0.40899077,0.7743865,-0.197019,0.5384264,1.1366103
1,2,1,3,1,1,2,1,1,1,2,1,1,1,-0.5029947,-0.29051676,0.30596355,-0.197019,-0.69336766,-0.3587044
1,6,1,3,1,1,4,1,1,1,1,1,1,2,-0.102290526,-0.33427078,-0.9691879,-0.197019,-0.45980284,-0.26947483
1,2,1,2,1,1,3,1,1,1,1,1,1,1,-0.8644462,-0.31422564,1.6591855,-0.197019,0.15906952,-0.65949434
1,2,1,1,1,1,3,1,1,1,1,1,1,1,-0.8603574,0.13328417,0.61824554,-0.197019,0.7928186,-0.38532934
1,6,1,5,7,1,3,1,1,1,1,1,1,2,1.134168,-0.4382658,-2.5045743,-0.197019,2.8934143,-0.26947483
1,2,1,3,3,1,3,1,1,1,1,1,1,1,-0.44084466,-0.38711378,-1.0993054,-0.197019,0.4952838,-0.43857923
1,2,1,3,4,1,3,1,1,1,1,1,1,1,0.3556571,0.7552112,0.38403404,-0.197019,-0.7231211,2.7441814
1,3,1,8,5,1,1,1,1,1,1,1,1,2,1.5455031,-0.38887522,-0.31860045,-0.197019,-0.7484116,-0.26947483
1,6,1,4,1,1,4,1,1,1,1,1,1,2,0.4407045,-0.25662678,0.33198705,-0.197019,-0.82428294,-0.26947483
1,3,1,7,3,1,1,1,1,1,1,1,1,2,1.4187498,-0.4047281,-1.0472584,-0.197019,-0.26342988,-0.26947483
1,2,1,5,5,1,3,1,1,2,1,1,2,1,-0.29937154,-0.3933845,-0.83907044,-0.197019,-0.2775628,1.2582215
1,2,1,2,1,1,3,1,1,1,1,1,1,1,-0.69925797,-0.059487123,-0.05836545,-0.197019,0.075759776,-0.10396839
1,2,1,3,3,1,3,1,1,1,1,1,1,1,-0.4874572,-0.38711378,-1.0993054,-0.197019,3.1507819,-0.47168052
1,2,1,3,4,1,3,1,1,1,1,1,1,1,0.26652086,-0.35716942,1.3729271,-0.197019,0.77347887,0.7185266
1,2,1,2,1,1,2,1,1,1,2,1,1,1,-0.6665474,-0.29051676,-0.08438895,-0.197019,-1.042971,-0.47527847
1,2,1,3,3,1,3,1,1,1,1,1,1,1,-0.20532873,0.025660578,1.424974,-0.197019,1.950229,0.6516045
1,2,1,3,1,1,3,1,1,2,1,1,2,1,-0.29937154,0.18182929,-0.03234195,-0.197019,-0.2775628,-0.45584947
1,5,1,4,3,1,2,1,1,2,1,1,2,2,-0.29937154,-0.40120524,-0.83907044,1.3353509,-0.2775628,-0.26947483
1,2,1,3,3,1,3,1,1,1,1,1,1,1,-0.33944198,0.053244628,-0.37064743,-0.197019,-0.4850933,-0.11692107
1,2,1,2,1,1,3,1,1,2,1,1,2,1,-0.29937154,0.119192705,1.8153265,-0.197019,-0.2775628,-0.75376105
1,2,1,3,1,1,2,1,1,1,2,1,1,1,-0.76222575,-0.29051676,-0.18848294,-0.197019,-0.77816504,-0.54004186
1,2,1,4,3,1,3,1,1,1,1,1,1,1,-0.22004849,-0.119657695,-1.3595405,-0.197019,-0.012012986,-0.45872784
1,2,1,2,1,1,2,1,1,1,1,1,1,1,-0.8260113,-0.07005572,1.581115,-0.197019,0.0013760802,-0.881129
1,2,1,3,1,1,3,1,1,1,1,1,1,1,-0.61829937,-0.33427078,-0.5788354,-0.197019,0.17394626,-0.7731901
1,2,1,3,3,1,3,1,1,2,1,1,2,1,-0.29937154,3.4193442,0.30596355,2.566271,-0.2775628,-0.16369462
1,2,1,1,1,1,3,1,1,1,1,1,1,1,-0.7851231,-0.14149947,1.3989506,-0.197019,0.94604903,-0.52996755
1,3,1,5,3,1,2,1,1,2,1,1,2,2,-0.29937154,-0.38739562,-0.44871795,-0.197019,-0.2775628,-0.26947483
1,2,1,3,3,1,3,1,1,1,1,1,1,1,-0.5291631,-0.31422564,1.6591855,-0.197019,0.028154211,-0.35582602
1,6,1,7,10,1,3,1,1,1,1,1,1,2,3.4631586,-0.41667062,-2.6607153,-0.197019,0.020715842,-0.26947483
1,2,1,2,1,1,3,1,1,2,1,1,2,1,-0.29937154,-0.36720958,-1.333517,-0.197019,-0.2775628,0.5753276
1,2,1,4,5,1,3,1,1,1,1,1,1,1,0.46441963,-0.1211373,1.32088,-0.197019,0.2810588,1.1646744
1,5,1,3,2,1,1,1,1,1,1,1,1,2,-0.4621065,-0.39958474,0.904504,-0.197019,-0.6160086,-0.26947483
1,6,1,5,3,1,4,1,1,1,1,1,1,2,0.5650046,-0.28473926,-0.44871795,-0.197019,-0.7379979,-0.26947483
1,5,1,4,3,1,1,1,1,1,1,1,1,2,-0.36724594,-0.41177386,0.87848055,-0.197019,-0.63683605,-0.26947483
1,2,1,2,1,1,3,1,1,1,1,1,1,1,-0.7630435,0.119192705,1.8153265,-0.197019,0.24684228,-0.7278557
1,2,1,3,2,1,3,1,1,1,1,1,1,1,-0.3517084,0.14096403,-1.2294229,-0.197019,0.5443771,0.20473708
1,2,1,2,1,1,2,1,1,1,2,1,1,1,-0.7483238,-0.29051676,-0.5788354,-0.197019,-1.0459464,-0.41339347
1,5,1,5,4,1,2,1,1,2,1,1,2,2,-0.29937154,-0.3883468,-0.05836545,-0.197019,-0.2775628,-0.26947483
1,5,1,4,3,1,2,1,1,2,1,1,2,2,-0.29937154,-0.39063665,-0.70895296,0.60684717,-0.2775628,-0.26947483
1,2,1,3,3,1,2,1,1,1,2,1,1,1,-0.2985538,-0.29051676,-0.05836545,-0.197019,-0.833209,-0.124117
1,3,1,7,3,1,1,1,1,2,1,1,2,2,-0.29937154,-0.4047281,-0.70895296,-0.197019,-0.2775628,-0.26947483
1,2,1,2,1,1,2,1,1,1,2,1,1,1,-0.7074356,-0.29051676,-0.00631845,-0.197019,-0.79601717,-0.59185255
