SALE TYPE,PROPERTY TYPE,STATE OR PROVINCE,BEDS,STATUS,SOURCE,FAVORITE,INTERESTED,SQUARE FEET_na,LOT SIZE_na,YEAR BUILT_na,$-SQUARE FEET_na,HOA-MONTH_na,PRICE,SQUARE FEET,LOT SIZE,YEAR BUILT,DAYS ON MARKET,$-SQUARE FEET,HOA-MONTH
1,5,1,4,1,4,1,1,1,1,1,1,2,-0.40751904,-0.5010851,-0.39249963,0.18901531,-0.21463843,-0.40613943,-0.27636373
1,2,1,2,1,3,1,1,2,1,1,2,1,-0.28457004,-0.2732842,-0.30166787,1.7156739,-0.21463843,-0.35868222,-0.29283383
1,2,1,2,1,2,1,1,1,2,1,1,1,-0.5713558,-0.7097698,-0.37876132,-0.574314,-0.21463843,-0.94111186,-0.37189037
1,2,1,2,1,3,1,1,1,1,1,1,1,-0.22516449,-0.63171214,-0.115746625,1.6138967,-0.21463843,0.6393578,-0.2895398
1,2,1,1,1,3,1,1,2,1,1,2,1,-0.47098055,-0.2732842,1.9677068,0.036349457,-0.21463843,-0.35868222,-0.40087774
1,2,1,4,1,2,1,1,1,2,2,1,1,-0.44066322,0.056469515,-0.37876132,-0.039983474,-0.21463843,-0.85482603,-0.6505646
1,5,1,4,1,4,1,1,1,1,1,1,2,-0.39723572,-0.3800161,-0.45738757,-0.8287571,-0.21463843,-0.49673963,-0.27636373
1,2,1,3,1,2,1,1,1,2,1,1,1,-0.14117734,-0.19204053,-0.37876132,-0.98142296,-0.21463843,0.05405191,0.2302569
1,2,1,2,1,4,1,1,1,1,1,1,1,-0.5103111,-0.6237471,-0.63331735,0.7233458,-0.21463843,-0.70670193,-0.79023117
1,2,1,5,1,3,1,1,1,1,1,1,1,1.557002,0.7948311,-0.38636848,1.4103422,-0.21463843,1.7538837,1.5505011
1,2,1,3,1,2,1,1,1,2,1,1,1,-0.5099018,-0.57993925,-0.37876132,0.1381267,-0.21463843,-0.7426544,-0.3000807
1,2,1,5,1,3,1,1,1,1,1,1,1,3.44364,1.6160294,-0.39249963,1.7665626,-0.21463843,2.7346666,2.834511
1,2,1,2,1,3,1,1,1,1,1,1,1,0.69869417,-0.3800161,2.4259531,1.639341,-0.21463843,3.120077,0.21115157
1,2,1,2,1,2,1,1,2,2,1,2,1,-0.47507748,-0.2732842,-0.37876132,-0.039983474,-0.21463843,-0.35868222,-0.5056277
1,2,1,5,1,3,1,1,2,1,1,2,1,-0.018678999,-0.2732842,-0.5445293,-0.8287571,-0.21463843,-0.35868222,1.1585124
1,2,1,2,1,3,1,1,2,1,1,2,1,-0.40747806,-0.2732842,0.69180447,0.29079255,9.269441,-0.35868222,0.18479939
1,5,1,4,1,2,1,1,2,1,1,2,2,-0.38703436,-0.2732842,-0.56280917,-0.7015355,-0.21463843,-0.35868222,-0.27636373
1,2,1,3,1,2,1,1,2,2,1,2,1,-0.5180953,-0.2732842,-0.37876132,-0.014539162,-0.21463843,-0.35868222,-0.39363092
1,2,1,2,1,3,1,1,1,1,1,1,1,0.28900078,-0.60463095,2.4259531,1.639341,-0.21463843,2.8640954,-0.08465163
1,2,1,2,1,3,1,1,2,1,1,2,1,-0.37675107,-0.2732842,-0.5580973,-1.9737511,-0.21463843,-0.35868222,-0.58204895
1,5,1,3,1,2,1,1,1,1,1,1,2,-0.40133265,-0.667555,-0.53442425,-0.574314,-0.21463843,-0.11708175,-0.27636373
1,2,1,2,1,3,1,1,1,1,1,1,1,0.78063285,-0.40152177,0.6752277,1.5375638,-0.21463843,3.5112395,-0.06356988
1,2,1,2,1,1,1,1,1,2,2,1,2,-0.55701655,-0.5504685,-0.37876132,-0.039983474,-0.21463843,-0.95980716,-0.27636373
1,3,1,5,1,2,1,1,1,1,1,1,2,-0.2497461,0.38463023,-0.49468535,-0.19264933,-0.21463843,-0.6089113,-0.27636373
1,2,1,3,1,3,1,1,1,1,1,1,1,1.7229278,0.4045429,0.6727866,1.4103422,-0.21463843,2.7619903,4.0414405
1,2,1,2,1,3,1,1,2,1,1,2,1,-0.3931388,-0.2732842,0.6556421,-0.014539162,-0.21463843,-0.35868222,0.059626546
1,2,1,3,1,3,1,1,1,1,1,1,1,0.061620913,0.27789834,-0.39607614,-0.6506469,2.024658,0.016661363,1.2869792
1,2,1,3,1,3,1,1,1,1,1,1,1,0.69869417,-0.2732842,2.4259531,1.639341,-0.21463843,2.6282473,0.35345334
1,2,1,4,1,3,1,1,1,1,1,1,1,0.4119088,0.6841167,-0.41248262,1.6902297,-0.21463843,0.25538564,-0.44040602
1,2,1,5,1,3,1,1,2,1,1,2,1,1.9277745,-0.2732842,-0.22786708,1.6902297,-0.21463843,-0.35868222,1.29752
1,2,1,1,1,3,1,1,1,1,1,1,1,-0.3245561,-0.8188912,0.30417994,0.5961243,-0.21463843,0.8363772,-0.34619698
1,2,1,3,1,2,1,1,1,2,1,1,1,-0.4488571,-0.4309925,-0.37876132,0.21445963,-0.21463843,-0.6276065,-0.2440823
1,2,1,3,1,3,1,1,1,1,1,1,1,-0.4283724,-0.2716912,4.228566,0.18901531,-0.21463843,-0.6750638,0.02141589
1,6,1,9,1,3,1,1,1,1,1,1,2,5.921466,5.1445537,-0.5617873,-1.312199,-0.21463843,1.6028835,-0.27636373
1,2,1,2,1,3,1,1,1,1,1,1,1,-0.12069266,-0.4405506,0.14976595,1.384898,-0.21463843,0.5458814,-0.26582286
1,5,1,3,1,4,1,1,1,1,1,1,1,-0.4484474,0.27789834,-0.6143562,0.9523446,-0.21463843,-0.9310452,-0.8989339
1,2,1,4,1,3,1,1,2,1,1,2,1,0.47131434,-0.2732842,-0.25222135,0.18901531,-0.21463843,-0.35868222,1.951713
1,2,1,3,1,3,1,1,1,1,1,1,1,-0.26613382,-0.5409104,-0.57416314,1.6902297,-0.21463843,0.21943317,-0.6222361
1,3,1,6,1,1,1,1,1,1,1,1,2,-0.06415497,0.6841167,-0.49792126,-1.3630877,-0.21463843,-0.44209188,-0.27636373
1,2,1,4,1,3,1,1,1,1,1,1,1,0.4119088,0.46109486,0.037986126,-0.6252026,-0.21463843,0.45671934,1.1334778
1,3,1,6,1,2,1,1,2,1,1,2,2,-0.40747848,-0.2732842,-0.3796129,-0.574314,-0.21463843,-0.35868222,-0.27636373
1,2,1,4,1,2,1,1,1,2,1,1,1,-0.4283724,-0.2716912,-0.37876132,0.21445963,-0.21463843,-0.6750638,-0.059617057
1,2,1,2,1,3,1,1,1,1,1,1,1,0.084154055,-0.66914797,2.4259531,1.639341,-0.21463843,2.31618,-0.21904773
1,2,1,3,1,3,1,1,1,1,1,1,1,-0.34643373,-0.31151652,0.17519885,-0.37075952,-0.21463843,-0.39894897,-0.100462936
1,5,1,3,1,4,1,1,1,1,1,1,1,-0.42181733,-0.15699424,-0.5855171,0.8505674,-0.21463843,-0.722521,-0.75333816
1,6,1,7,1,3,1,1,1,1,1,1,2,1.6205045,3.392239,-0.58205414,-2.6098588,-0.21463843,0.09000436,-0.27636373
1,5,1,4,1,2,1,1,1,1,1,1,2,-0.15838446,0.417287,-0.44926947,-0.06542778,-0.21463843,-0.46653956,-0.27636373
1,3,1,5,1,2,1,1,2,1,1,2,2,-0.3628215,-0.2732842,-0.43553117,0.18901531,-0.21463843,-0.35868222,-0.27636373
1,3,1,9,1,2,1,1,1,1,1,1,2,0.12840094,1.0983001,-0.4034562,-0.19264933,-0.21463843,-0.35868222,-0.27636373
1,3,1,9,1,4,1,1,1,1,1,1,2,-0.023185626,2.0580904,-0.55571294,1.6902297,-0.21463843,-0.75415915,-0.27636373
1,3,1,0,1,3,1,1,2,1,1,2,2,0.22754675,-0.2732842,-0.5464595,-1.5157535,-0.21463843,-0.35868222,-0.27636373
1,2,1,3,1,3,1,1,1,1,1,1,1,-0.48163256,-0.2716912,3.219482,0.036349457,-0.21463843,-0.83037835,-0.10836858
1,5,1,3,1,1,1,1,1,1,1,1,2,-0.32185215,-0.23345888,-0.595168,-0.574314,-0.21463843,-0.39894897,-0.27636373
1,2,1,3,1,2,1,1,1,1,1,1,1,-0.375522,-0.29319686,-0.101838015,1.4357865,-0.21463843,-0.5039301,-0.68284607
1,2,1,3,1,3,1,1,1,1,1,1,1,-0.10225646,-0.30275494,-0.107685305,-0.6252026,-0.21463843,0.33016673,0.26649114
1,2,1,1,1,3,1,1,2,1,1,2,1,-0.4365663,-0.2732842,-0.09638811,-0.7015355,-0.21463843,-0.35868222,-0.3613495
1,6,1,6,1,3,1,1,1,1,1,1,2,0.04318471,0.4451647,-0.53419715,-0.47253674,-0.21463843,-0.1429675,-0.27636373
1,6,1,9,1,3,1,1,1,1,1,1,2,9.589042,5.3835053,-0.5334592,-2.864302,-0.21463843,3.04961,-0.27636373
1,2,1,3,1,2,1,1,1,2,1,1,1,-0.55500865,-0.5106432,-0.37876132,0.1381267,-0.21463843,-0.96987385,-0.47400504
1,2,1,2,1,3,1,1,1,1,1,1,1,-0.5283376,-0.6348982,-0.250575,-0.3198709,-0.21463843,-0.7800449,-0.49376917
1,6,1,3,1,3,1,1,2,1,1,2,2,-0.38904187,-0.2732842,-0.57416314,-0.574314,0.4110473,-0.35868222,-0.27636373
1,2,1,3,1,3,1,1,1,1,1,1,1,-0.28457004,-0.58312523,-0.44926947,-0.574314,-0.21463843,0.23812845,-0.7012926
1,2,1,3,1,2,1,1,1,2,1,1,1,-0.4587307,-0.23186587,-0.37876132,0.74879014,-0.21463843,-0.7843592,0.0042869737
1,2,1,1,1,2,1,1,1,2,1,1,1,-0.5672585,-0.8690711,-0.37876132,0.08723808,-0.21463843,-0.7613496,-0.63870615
1,6,1,5,1,4,1,1,1,1,1,1,2,-0.33414295,0.026998773,-0.44926947,-0.8287571,-0.21463843,-0.60747313,-0.27636373
1,2,1,2,1,3,1,1,2,1,1,2,1,0.38937566,-0.2732842,-0.5023493,-1.312199,-0.21463843,-0.35868222,0.53330696
1,3,1,7,1,2,1,1,1,1,1,1,2,0.0018056725,1.1556486,-0.52636296,-0.44709244,-0.21463843,-0.5283778,-0.27636373
1,2,1,2,1,3,1,1,2,1,1,2,1,-0.34684342,-0.2732842,0.28794378,-0.3198709,-0.21463843,-0.35868222,-0.62421244
1,2,1,2,1,3,1,1,2,1,1,2,1,-0.39109033,-0.2732842,0.7529456,0.46890274,-0.21463843,-0.35868222,-0.20126002
1,2,1,2,1,3,1,1,1,1,1,1,1,0.13536572,-0.6508283,-0.077654056,-0.8033128,-0.21463843,2.4513612,-0.2869046
1,5,1,5,1,2,1,1,2,1,1,2,2,-0.31365827,-0.2732842,-0.44926947,-0.574314,-0.21463843,-0.35868222,-0.27636373
1,2,1,3,1,2,1,1,1,2,1,1,1,-0.46585938,-0.39116716,-0.37876132,0.061793767,-0.21463843,-0.7153305,-0.34092656
1,2,1,3,1,3,1,1,1,1,1,1,1,-0.22926143,-0.33541173,-0.13703533,1.5375638,-0.21463843,-0.009224402,-0.6703288
1,2,1,2,1,3,1,1,1,1,1,1,1,-0.31324857,-0.66994447,-0.003626174,0.87601167,-0.21463843,0.32872862,0.16437645
1,2,1,1,1,3,1,1,2,1,1,2,1,-0.44066322,-0.2732842,-0.5345378,1.6138967,-0.21463843,-0.35868222,-0.7625614
1,2,1,3,1,2,1,1,1,2,1,1,1,-0.44230202,-0.39116716,-0.37876132,-0.95597863,-0.21463843,-0.6362351,-0.21377729
1,3,1,5,1,2,1,1,2,1,1,2,2,-0.1002084,-0.2732842,-0.52874726,0.08723808,-0.21463843,-0.35868222,-0.27636373
1,2,1,2,1,2,1,1,2,2,1,2,1,-0.5230116,-0.2732842,-0.37876132,0.061793767,-0.21463843,-0.35868222,-0.5662377
1,5,1,4,1,2,1,1,1,1,1,1,2,-0.38740307,-0.31231302,-0.58676606,-0.8287571,-0.21463843,-0.52406347,-0.27636373
1,2,1,2,1,3,1,1,1,1,1,1,1,-0.36650872,-0.614189,-0.09161944,0.21445963,-0.21463843,-0.05955783,0.30272537
1,2,1,1,1,3,1,1,1,1,1,1,1,-0.3669184,-0.73525804,0.7128093,-0.59975827,-0.21463843,0.23669036,-0.33829135
1,2,1,2,1,3,1,1,1,1,1,1,1,-0.33578172,-0.6388807,-0.13703533,1.5375638,-0.21463843,0.13746159,-0.7315976
1,2,1,1,1,3,1,1,1,1,1,1,1,-0.5308777,-0.7894205,0.5583953,-0.06542778,-0.21463843,-0.6232922,-0.6084012
1,2,1,4,1,3,1,1,1,1,1,1,1,0.7990691,0.604466,0.03622626,-0.1417607,-0.21463843,0.9125964,3.3879066
1,2,1,2,1,3,1,1,1,1,1,1,1,-0.48982644,-0.4564807,1.4922594,-0.1417607,1.8929346,-0.75415915,-0.4087834
1,3,1,6,1,1,1,1,1,1,1,1,2,-0.10024896,0.7796975,-0.56280917,-1.312199,-0.21463843,-0.531254,-0.27636373
1,3,1,4,1,1,1,1,1,1,1,1,2,-0.29071543,0.0660276,-0.56280917,0.18901531,-0.21463843,-0.53413016,-0.27636373
1,7,1,1,1,4,1,1,2,1,2,2,2,-0.5103111,-0.2732842,1.242245,-0.039983474,-0.21463843,-0.35868222,-0.27636373
1,6,1,5,1,3,1,1,1,1,1,1,2,2.2760139,0.4069324,-0.5719491,-2.3299713,-0.21463843,3.7025065,-0.27636373
1,2,1,3,1,3,1,1,1,1,1,1,1,1.149357,-0.048669353,2.4259531,1.639341,-0.21463843,2.9532573,0.7052549
1,2,1,2,1,3,1,1,2,1,1,2,1,-0.26449504,-0.2732842,-0.108650394,0.57067996,2.2881045,-0.35868222,-0.048417382
1,2,1,2,1,3,1,1,1,1,1,1,1,-0.34643373,-0.66197944,-0.0064646667,-0.06542778,-0.21463843,0.14321399,-0.08860445
1,2,1,3,1,3,1,1,1,1,1,1,1,0.8420869,-0.2732842,2.4259531,1.639341,-0.21463843,3.048172,0.27769083
1,2,1,2,1,3,1,1,1,1,1,1,1,-0.38904187,-0.6834851,1.7465882,0.901456,-0.21463843,-0.020729186,-0.41405386
1,6,1,4,1,4,1,1,1,1,1,1,2,-0.1412183,0.8832433,-0.5582676,0.061793767,-0.21463843,-0.6218541,-0.27636373
1,5,1,5,1,2,1,1,1,1,1,1,2,0.1251234,1.4009726,0.0048893034,-0.7015355,-0.21463843,-0.46653956,-0.27636373
1,2,1,2,1,2,1,1,2,2,1,2,1,-0.37879953,-0.2732842,-0.37876132,-0.59975827,-0.21463843,-0.35868222,-0.45753494
1,6,1,10,1,3,1,1,1,1,1,1,2,0.45287815,2.0580904,-0.53442425,-0.8287571,-0.21463843,-0.3500536,-0.27636373
1,2,1,2,1,3,1,1,2,1,1,2,1,-0.49802032,-0.2732842,1.0344105,0.26534826,-0.21463843,-0.35868222,-0.49113396
1,5,1,5,1,2,1,1,1,1,1,1,2,-0.28497973,0.15364331,-0.44926947,-0.06542778,2.979652,-0.5686445,-0.27636373
1,2,1,3,1,3,1,1,1,1,1,1,1,-0.028511642,-0.32346413,0.31655577,-1.2104217,-0.21463843,0.59621483,0.19402266
1,2,1,2,1,3,1,1,1,1,1,1,1,-0.12069266,-0.08132612,-0.5207427,0.51979136,-0.21463843,-0.023605382,-0.7315976
1,2,1,2,1,3,1,1,2,1,1,2,1,-0.36650872,-0.2732842,-0.56036806,-1.6938636,-0.21463843,-0.35868222,-0.5102393
1,6,1,6,1,3,1,1,1,1,1,1,2,0.39142412,1.321322,-0.4379155,-1.0832002,-0.21463843,-0.150158,-0.27636373
1,2,1,3,1,3,1,1,1,1,1,1,1,-0.13216408,-0.617375,0.28595683,0.8251231,-0.21463843,1.0204537,0.66902065
1,2,1,2,1,3,1,1,2,1,1,2,1,-0.4283724,-0.2732842,-0.53618413,-0.8287571,-0.21463843,-0.35868222,-0.10178054
1,5,1,4,1,4,1,1,1,1,1,1,2,-0.36855718,0.4547228,-0.34237185,0.18901531,-0.21463843,-0.83469266,-0.27636373
1,2,1,3,1,2,1,1,1,2,1,1,1,-0.52633506,-0.7233104,-0.37876132,-0.19264933,-0.21463843,-0.68225425,-0.48783994
1,2,1,3,1,2,1,1,2,2,1,2,1,-0.50252694,-0.2732842,-0.37876132,0.061793767,-0.21463843,-0.35868222,-0.29876307
1,5,1,4,1,1,1,1,1,1,1,1,2,-0.40133265,-0.33859774,-0.57416314,0.8505674,-0.21463843,-0.5456349,-0.27636373
1,2,1,4,1,3,1,1,1,1,1,1,1,0.69869417,0.046911437,-0.093890235,-0.26898226,-0.21463843,1.6474645,0.70196086
1,2,1,3,1,3,1,1,2,1,1,2,1,-0.020317772,-0.2732842,0.73154336,-0.090872094,-0.21463843,-0.35868222,1.4865971
1,2,1,4,1,3,1,1,1,1,1,1,1,0.3484063,0.47144943,-0.1058119,1.2831206,-0.21463843,0.3416715,1.0728678
1,6,1,5,1,3,1,1,1,1,1,1,2,0.06366938,0.9389988,-0.6059543,-1.642975,-0.21463843,-0.3745013,-0.27636373
1,2,1,4,1,3,1,1,1,1,1,1,1,2.6426895,1.4073447,-0.52590877,1.6647853,-0.21463843,2.2025702,0.7638885
1,5,1,5,1,2,1,1,2,1,1,2,2,-0.12069266,-0.2732842,-0.5364112,-0.06542778,-0.21463843,-0.35868222,-0.27636373
1,7,1,1,1,4,1,1,2,1,2,2,2,-0.34643373,-0.2732842,-0.08026547,-0.039983474,-0.21463843,-0.35868222,-0.27636373
1,2,1,1,1,3,1,1,2,1,1,2,1,-0.40788776,-0.2732842,0.55555683,1.6647853,-0.21463843,-0.35868222,-0.6571527
1,5,1,4,1,1,1,1,1,1,1,1,2,-0.30956134,-0.13469206,-0.56280917,-0.7015355,-0.21463843,-0.4464062,-0.27636373
1,2,1,3,1,2,1,1,2,2,1,2,1,-0.45668715,-0.2732842,-0.37876132,0.18901531,-0.21463843,-0.35868222,-0.23683545
1,2,1,3,1,4,1,1,1,1,1,1,1,-0.5226019,-0.31151652,-0.61106354,0.23990394,-0.21463843,-0.9367976,-0.51682734
1,4,1,9,1,4,1,1,1,1,1,1,2,-0.32185215,0.18072455,-0.46402964,-1.0832002,-0.21463843,-0.6563685,-0.27636373
1,6,1,4,1,3,1,1,2,1,1,2,2,-0.3054644,-0.2732842,-0.53442425,-0.7015355,-0.04998429,-0.35868222,-0.27636373
1,2,1,2,1,2,1,1,1,2,1,1,1,-0.5611131,-0.63011914,-0.37876132,-0.090872094,-0.21463843,-0.9382357,-0.42854753
1,5,1,4,2,4,1,1,1,1,1,1,2,-0.48163256,-0.18248245,-0.5139871,-0.7015355,-0.21463843,-0.86920696,-0.27636373
1,2,1,3,1,2,1,1,1,2,1,1,1,-0.4612708,-0.549672,-0.37876132,0.8505674,-0.21463843,-0.5657683,-0.7724435
1,2,1,3,1,4,1,1,1,1,1,1,1,0.14151113,-0.23186587,1.0718218,0.87601167,-0.21463843,0.90109164,0.009557409
1,5,1,3,1,4,1,1,1,1,1,1,2,-0.4283724,-0.491527,-0.5325509,0.9777889,-0.21463843,-0.49673963,-0.27636373
1,3,1,6,1,2,1,1,2,1,1,2,2,-0.059648342,-0.2732842,-0.56280917,-1.3630877,-0.21463843,-0.35868222,-0.27636373
1,2,1,2,1,4,1,1,1,1,1,1,1,-0.5099018,-0.5106432,-0.625256,0.26534826,-0.21463843,-0.7944259,-0.4529233
1,2,1,2,1,2,1,1,1,2,1,1,1,-0.518505,-0.66994447,-0.37876132,-0.014539162,-0.21463843,-0.6995114,-0.53527385
1,2,1,1,1,3,1,1,1,1,1,1,1,0.5143322,0.36551407,-0.575923,-2.3554156,-0.21463843,0.7400246,0.37255865
1,6,1,6,1,3,1,1,1,1,1,1,2,-0.07972332,0.5407455,-0.6018101,-1.312199,-0.21463843,-0.39894897,-0.27636373
1,2,1,2,1,3,1,1,1,1,1,1,1,-0.12069266,-0.35134184,0.62935764,-1.0068673,-0.21463843,0.3603668,0.10310764
1,2,1,2,1,3,1,1,2,1,1,2,1,-0.33373323,-0.2732842,0.281472,1.7665626,-0.21463843,-0.35868222,-0.6835049
1,2,1,2,1,2,1,1,2,2,1,2,1,-0.55537736,-0.2732842,-0.37876132,0.036349457,4.3627467,-0.35868222,-0.46412298
1,2,1,2,1,3,1,1,1,1,1,1,1,-0.58979166,-0.54887545,0.60347056,-1.2358661,-0.21463843,-1.0964265,-0.15777892
1,2,1,2,1,2,1,1,1,2,1,1,1,-0.30915165,-0.5042711,-0.37876132,0.9777889,-0.21463843,-0.022167284,-0.24012947
1,2,1,3,1,3,1,1,2,1,1,2,1,-0.09611106,-0.2732842,-0.5486167,-0.54886967,-0.21463843,-0.35868222,-0.34883222
1,3,1,5,1,1,1,1,2,1,2,2,2,-0.3603633,-0.2732842,-0.5358435,-0.039983474,-0.21463843,-0.35868222,-0.27636373
1,5,1,4,1,1,1,1,1,1,1,1,2,-0.16166201,-0.035925247,-0.5060393,0.31623688,-0.21463843,-0.16741517,-0.27636373
1,5,1,5,1,4,1,1,1,1,1,1,2,-0.32594907,0.32967126,-0.34424525,-0.44709244,-0.21463843,-0.722521,-0.27636373
1,2,1,3,1,2,1,1,1,2,1,1,1,-0.4488571,-0.2716912,-0.37876132,-0.06542778,-0.21463843,-0.73546386,-0.10705098
1,2,1,1,1,3,1,1,2,1,1,2,1,-0.46934178,-0.2732842,0.06472472,-0.574314,-0.21463843,-0.35868222,-0.31391558
1,3,1,8,1,1,1,1,1,1,1,1,2,-0.02236624,1.5244311,-0.53726274,-0.3198709,-0.21463843,-0.6534923,-0.27636373
1,2,1,3,1,3,1,1,1,1,1,1,1,0.28900078,-0.55445105,2.4259531,1.639341,-0.21463843,2.5563424,-0.10770978
1,2,1,2,1,3,1,1,2,1,1,2,1,-0.32553938,-0.2732842,-0.34640253,-0.6252026,-0.21463843,-0.35868222,-0.081357606
1,2,1,2,1,3,1,1,2,1,1,2,1,-0.34643373,-0.2732842,0.26234058,0.7233458,-0.21463843,-0.35868222,0.5385774
1,2,1,3,1,3,1,1,1,1,1,1,1,0.5757862,-0.18088944,0.13074806,1.384898,-0.21463843,1.9552175,0.60314023
1,2,1,5,1,3,1,1,1,1,1,1,1,3.0503345,1.2926477,0.13563026,-0.3198709,-0.21463843,2.8123238,1.6229695
1,3,1,6,1,2,1,1,2,1,1,2,2,-0.18214668,-0.2732842,-0.53442425,1.7665626,-0.21463843,-0.35868222,-0.27636373
1,2,1,5,1,3,1,1,1,1,1,1,1,6.127132,2.0095036,2.3762794,-1.2104217,-0.21463843,4.5653653,3.4900215
1,2,1,2,1,3,1,1,1,1,1,1,1,-0.10225646,-0.39674273,3.9318302,0.87601167,-0.21463843,0.51280516,-0.3896781
1,2,1,2,1,2,1,1,2,2,1,2,1,-0.5307958,-0.2732842,-0.37876132,-0.06542778,-0.21463843,-0.35868222,-0.53593266
1,2,1,4,1,3,1,1,2,1,1,2,1,0.5757862,-0.2732842,-0.1909099,0.26534826,-0.21463843,-0.35868222,3.1533723
1,2,1,3,1,4,1,1,1,2,1,1,1,-0.5222332,-0.5902938,-0.37876132,-0.039983474,-0.21463843,-0.7886735,-0.35739666
1,2,1,3,1,3,1,1,1,1,1,1,1,-0.2743277,-0.49630603,-0.41696745,1.6138967,-0.21463843,0.09719485,-0.319186
1,6,1,5,1,3,1,1,1,1,1,1,2,0.18452895,0.12656209,-0.39249963,-0.7015355,-0.21463843,0.4150145,-0.27636373
1,6,1,5,2,4,1,1,1,1,1,1,2,-0.28497973,0.69048876,-0.5301665,0.8251231,-0.21463843,-0.7656639,-0.27636373
1,3,1,6,1,2,1,1,2,1,1,2,2,-0.32553938,-0.2732842,-0.5554859,-0.1163164,-0.21463843,-0.35868222,-0.27636373
1,2,1,5,1,3,1,1,2,1,1,2,1,0.69869417,-0.2732842,-0.049325902,-0.77786845,-0.21463843,-0.35868222,3.194877
1,5,1,5,1,2,1,1,2,1,1,2,2,-0.27268893,-0.2732842,-0.44926947,-0.19264933,-0.21463843,-0.35868222,-0.27636373
1,3,1,6,1,2,1,1,1,1,1,1,2,0.010409235,0.81155777,-0.538682,-0.574314,-0.21463843,-0.39175847,-0.27636373
1,5,1,4,1,2,1,1,2,1,1,2,2,-0.3603633,-0.2732842,-0.56280917,-0.574314,-0.21463843,-0.35868222,-0.27636373
1,2,1,3,1,3,1,1,1,1,1,1,1,0.10422903,-0.11238988,0.5207569,0.79967874,-0.21463843,0.5746434,1.4865971
1,5,1,4,1,2,1,1,2,1,1,2,2,-0.33823988,-0.2732842,-0.54010123,-0.7015355,0.8391481,-0.35868222,-0.27636373
1,2,1,3,1,2,1,1,1,2,1,1,1,-0.41362345,-0.4309925,-0.37876132,-0.42164811,-0.21463843,-0.5039301,-0.29481024
1,2,1,2,1,3,1,1,2,1,1,2,1,0.09439639,-0.2732842,0.033274226,-0.6506469,-0.21463843,-0.35868222,5.842612
1,3,1,7,1,2,1,1,2,1,1,2,2,-0.20467982,-0.2732842,-0.53442425,-1.3630877,-0.21463843,-0.35868222,-0.27636373
1,2,1,2,1,3,1,1,1,1,1,1,1,-0.41608164,-0.8228737,-0.41696745,1.6138967,-0.21463843,0.22374748,-0.59720147
1,2,1,4,1,3,1,1,1,1,1,1,1,-0.106353395,-0.20239513,0.77128226,-0.6252026,-0.21463843,0.16190925,-0.36991394
1,2,1,2,1,3,1,1,1,2,1,1,1,-0.39969388,-0.5106432,-0.37876132,1.5884523,-0.21463843,-0.3644346,-0.6446354
1,2,1,2,1,3,1,1,1,1,1,1,1,-0.27637616,-0.5918868,1.007899,-0.49798104,-0.21463843,0.29421428,-0.52078015
1,2,1,2,1,3,1,1,1,1,1,1,1,-0.36650872,-0.7097698,0.3180318,0.26534826,-0.21463843,0.16478546,-0.0029598752
1,3,1,7,1,2,1,1,2,1,1,2,2,-0.10881155,-0.2732842,-0.46062344,1.7665626,-0.21463843,-0.35868222,-0.27636373
1,2,1,4,1,3,1,1,2,1,1,2,1,0.3484063,-0.2732842,0.73154336,-1.1849774,-0.21463843,-0.35868222,1.1440187
1,2,1,3,1,2,1,1,2,2,1,2,1,-0.4738484,-0.2732842,-0.37876132,-0.06542778,-0.21463843,-0.35868222,-0.3804548
1,2,1,1,1,3,1,1,2,1,1,2,1,-0.46893206,-0.2732842,-0.30166787,1.7156739,-0.21463843,-0.35868222,-0.7829843
1,3,1,10,1,1,1,1,1,1,1,1,2,-0.11045033,1.319729,-0.53442425,-0.574314,-0.21463843,-0.6995114,-0.27636373
1,3,1,7,1,1,1,1,2,1,1,2,2,0.022700038,-0.2732842,-0.56280917,-0.7015355,-0.21463843,-0.35868222,-0.27636373
1,3,1,6,1,3,1,1,1,1,1,1,2,0.10422903,0.92306864,-0.56280917,-1.3630877,-0.21463843,-0.31553927,-0.27636373
1,3,1,5,1,2,1,1,2,1,1,2,2,-0.32594907,-0.2732842,-0.53487843,-0.44709244,-0.21463843,-0.35868222,-0.27636373
1,6,1,3,1,4,1,1,1,1,1,1,2,-0.26408535,-0.080529615,-0.44926947,-0.95597863,-0.21463843,-0.3745013,-0.27636373
1,5,1,3,1,4,1,1,1,1,1,1,2,-0.4283724,-0.60303795,-0.44926947,-0.19264933,-0.21463843,-0.35868222,-0.27636373
1,2,1,4,1,3,1,1,1,1,1,1,1,0.92197716,0.596501,-0.3905127,1.6647853,-0.21463843,1.1096158,1.1571947
1,6,1,11,1,3,1,1,1,1,1,1,2,0.75809973,3.6224294,-0.44274095,-0.8287571,-0.21463843,-0.47085387,-0.27636373
1,5,1,4,1,2,1,1,1,1,1,1,2,-0.2436007,-0.022384634,-0.39249963,-0.06542778,-0.21463843,-0.37018698,-0.27636373
1,3,1,5,1,3,1,1,1,1,1,1,2,0.47131434,1.4806232,-0.5818271,-1.0832002,-0.21463843,-0.13290083,-0.27636373
1,2,1,3,1,3,1,1,1,1,1,1,1,0.022700038,-0.2119532,-0.098772444,1.4357865,-0.21463843,0.53150046,-0.3923133
1,2,1,3,1,3,1,1,1,1,1,1,1,-0.100617684,-0.4572772,1.9081552,0.8251231,-0.21463843,0.65805304,-0.19664837
1,5,1,5,1,1,1,1,1,1,1,1,2,-0.25220424,0.4451647,-0.44926947,0.4434584,-0.21463843,-0.6376732,-0.27636373
1,2,1,2,1,3,1,1,1,1,1,1,1,-0.3239006,-0.72729295,-0.26192898,1.4612309,-0.21463843,0.45384315,-0.52078015
1,2,1,4,1,2,1,1,2,1,1,2,1,-0.3751123,-0.2732842,6.431123,0.87601167,-0.21463843,-0.35868222,-0.50694525
1,2,1,1,1,3,1,1,2,1,1,2,1,-0.47098055,-0.2732842,0.22260167,-0.6252026,-0.21463843,-0.35868222,-0.2908574
1,3,1,6,1,2,1,1,2,1,1,2,2,-0.26613382,-0.2732842,-0.5618441,-1.0832002,2.4856894,-0.35868222,-0.27636373
1,2,1,1,1,3,1,1,2,1,1,2,1,-0.47507748,-0.2732842,-0.38625497,-1.0832002,-0.21463843,-0.35868222,-0.36727872
1,5,1,3,1,4,1,1,1,1,1,1,1,-0.4734387,-0.4437366,-0.62048733,0.8251231,-0.21463843,-0.7052638,-0.75267935
1,6,1,10,1,3,1,1,1,1,1,1,2,-0.018269306,4.7463,-0.54010123,-0.574314,-0.21463843,-0.9856929,-0.27636373
1,2,1,3,1,3,1,1,1,1,1,1,1,0.57881504,-0.4556842,-0.53442425,-1.0832002,-0.21463843,3.1157625,-0.4252535
1,2,1,3,1,3,1,1,2,1,1,2,1,-0.22516449,-0.2732842,-0.0064646667,0.1381267,-0.21463843,-0.35868222,0.14263591
1,2,1,3,1,3,1,1,2,1,1,2,1,-0.28457004,-0.2732842,0.44508272,0.26534826,-0.21463843,-0.35868222,0.25792667
1,3,1,8,1,2,1,1,1,1,1,1,2,-0.24401039,1.1620207,-0.53442425,-1.312199,-0.21463843,-0.8188736,-0.27636373
1,2,1,1,1,3,1,1,1,1,1,1,1,-0.41362345,-0.8945593,-0.21798912,1.7411182,-0.21463843,0.5674529,-0.69536334
1,2,1,3,1,3,1,1,2,1,1,2,1,-0.4283724,-0.2732842,0.3824088,-0.039983474,-0.21463843,-0.35868222,-0.41075984
1,2,1,3,1,2,1,1,1,2,1,1,1,-0.4525853,-0.54568946,-0.37876132,-0.06542778,-0.21463843,-0.53413016,-0.35344383
1,6,1,3,1,2,1,1,2,1,1,2,2,-0.41608164,-0.2732842,-0.5514552,-0.19264933,2.9137902,-0.35868222,-0.27636373
1,2,1,3,1,2,1,1,1,2,1,1,1,-0.45049587,-0.47081783,-0.37876132,0.29079255,-0.21463843,-0.60028267,-0.3218212
1,2,1,2,1,1,1,1,1,2,2,1,2,-0.54472536,-0.7097698,-0.37876132,-0.039983474,-0.21463843,-0.79730207,-0.27636373
1,2,1,3,1,2,1,1,1,2,1,1,1,-0.40788776,-0.31151652,-0.37876132,-0.06542778,-0.21463843,-0.58733976,-0.2289298
1,2,1,4,1,3,1,1,1,1,1,1,1,0.24803142,0.07638218,0.12382214,1.4103422,-0.21463843,0.6149101,0.1564708
1,2,1,5,1,3,1,1,1,1,1,1,1,0.8830563,1.1062652,-0.12352409,0.8505674,-0.21463843,0.5430052,2.369395
1,2,1,2,1,3,1,1,2,1,1,2,1,-0.43246937,-0.2732842,3.7301269,0.26534826,-0.21463843,-0.35868222,-0.4344768
1,2,1,4,1,3,1,1,1,1,1,1,1,0.91992867,0.7040294,0.8917479,-1.0577558,-0.21463843,0.9744346,1.2507449
1,2,1,3,1,3,1,1,2,1,1,2,1,-0.100617684,-0.2732842,0.3494823,0.23990394,-0.21463843,-0.35868222,1.0840675
1,2,1,3,1,3,1,1,1,1,1,1,1,0.18657741,-0.34417328,0.5403425,-1.3630877,-0.21463843,1.3195782,-0.3198448
1,2,1,1,1,2,1,1,2,2,2,2,1,-0.44639894,-0.2732842,-0.37876132,-0.039983474,-0.21463843,-0.35868222,-0.43315917
1,2,1,1,1,3,1,1,1,1,1,1,1,-0.39928418,-0.88579774,0.281472,1.7665626,-0.21463843,0.63791966,-0.7513617
1,4,1,5,1,4,1,1,1,1,1,1,2,2.4398913,8.33058,-0.37876132,-1.3376433,-0.21463843,-0.3745013,-0.27636373
1,2,1,2,1,2,1,1,2,2,1,2,1,-0.46504,-0.2732842,-0.37876132,-0.014539162,-0.21463843,-0.35868222,-0.47993428
1,2,1,4,1,3,1,1,2,1,1,2,1,0.59422237,-0.2732842,0.08765975,-0.7015355,-0.21463843,-0.35868222,1.6051818
1,2,1,2,1,3,1,1,2,1,1,2,1,0.39142412,-0.2732842,0.003072668,-0.90509003,-0.21463843,-0.35868222,1.1736648
1,2,1,2,1,3,1,1,2,1,1,2,1,-0.29317358,-0.2732842,4.46558,0.16357102,-0.21463843,-0.35868222,0.20522232
1,3,1,6,1,1,1,1,1,1,1,1,2,-0.08873658,0.9389988,-0.43723428,1.308565,-0.21463843,-0.5715207,-0.27636373
1,2,1,2,1,3,1,1,1,1,1,1,1,-0.28457004,-0.5902938,-0.2935498,0.8505674,-0.21463843,0.25538564,0.21378678
1,3,1,8,1,1,1,1,1,1,1,1,2,0.43239346,1.8589638,-0.33572978,-1.0832002,-0.21463843,-0.30834877,-0.27636373
1,2,1,3,1,3,1,1,1,1,1,1,1,-0.20672828,-0.62135756,-0.5088778,1.3594536,3.70413,0.6925674,-0.760585
1,2,1,3,1,3,1,1,2,1,1,2,1,0.14560807,-0.2732842,0.033274226,-0.6506469,-0.21463843,-0.35868222,8.173462
1,6,1,5,1,3,1,1,1,1,1,1,2,0.1435596,3.6980975,-0.5885827,-1.3630877,-0.21463843,-0.8332545,-0.27636373
1,6,1,4,1,3,1,1,1,1,1,1,2,-0.43410814,-0.012030049,-0.5982903,-1.312199,-0.21463843,-0.81599736,-0.27636373
1,2,1,2,1,3,1,1,1,1,1,1,1,-0.5062142,-0.4309925,0.34976614,0.23990394,-0.21463843,-0.8289403,1.2461333
1,2,1,1,1,3,1,1,1,1,1,1,1,-0.2436007,-0.7456126,-0.13862488,1.3594536,-0.21463843,0.9845013,-0.47861668
1,2,1,2,1,3,1,1,1,1,1,1,1,0.80111754,-0.3178886,2.3762794,-1.2104217,-0.21463843,3.1344578,0.25858548
1,2,1,3,1,2,1,1,2,2,1,2,1,-0.4882696,-0.2732842,-0.37876132,0.061793767,-0.21463843,-0.35868222,-0.19335435
1,2,1,1,1,2,1,1,1,2,1,1,1,-0.5787299,-0.90889645,-0.37876132,0.29079255,-0.21463843,-0.7987402,-0.60906
1,2,1,2,1,3,1,1,1,1,1,1,1,0.28900078,-0.55445105,2.4259531,1.639341,-0.21463843,2.5563424,-0.0662051
1,5,1,4,1,4,1,1,1,1,1,1,2,-0.3255398,-0.48834097,-0.33572978,-0.574314,-0.21463843,-0.111329354,-0.27636373
1,2,1,1,1,3,1,1,1,1,1,1,1,-0.3669184,-0.9503148,-0.2935498,0.8505674,-0.21463843,1.4087402,-0.20784806
1,2,1,3,1,2,1,1,1,2,1,1,1,-0.47507748,-0.35134184,-0.37876132,0.11268239,-0.21463843,-0.7699782,-0.06686391
1,2,1,3,1,3,1,1,2,1,1,2,1,-0.518505,-0.2732842,5.599558,0.29079255,3.4077525,-0.35868222,-0.14328521
1,2,1,3,1,2,1,1,1,2,1,1,1,-0.50375605,-0.39116716,-0.37876132,-0.039983474,-0.21463843,-0.8418831,-0.32248002
1,2,1,2,1,3,1,1,1,1,1,1,1,-0.34807253,-0.7241069,0.281472,1.7665626,-0.21463843,0.30859524,-0.6597879
1,2,1,1,1,3,1,1,1,1,1,1,1,-0.38699338,-0.8794257,-0.53618413,-2.6098588,-0.21463843,0.701196,-0.45489973
1,2,1,3,1,3,1,1,2,1,1,2,1,-0.100617684,-0.2732842,0.60636586,0.21445963,-0.21463843,-0.35868222,0.71513695
1,2,1,2,1,3,1,1,2,1,1,2,1,-0.4283724,-0.2732842,-0.06067987,0.16357102,-0.21463843,-0.35868222,0.18018776
1,2,1,3,1,3,1,1,1,1,1,1,1,1.3132343,0.6777446,-0.081173785,-2.3554156,-0.21463843,1.5827501,0.9918348
1,2,1,4,1,3,1,1,2,1,1,2,1,0.14560765,-0.2732842,-0.56036806,-1.5157535,5.251879,-0.35868222,0.14658873
1,3,1,7,2,2,1,1,1,2,1,1,2,-0.32594907,-0.0900877,-0.37876132,1.384898,-0.21463843,-0.5183111,-0.27636373
1,3,1,9,2,2,1,1,1,1,1,1,2,-0.14117734,0.843418,-0.53442425,-1.312199,-0.21463843,-0.6089113,-0.27636373
1,3,1,6,1,2,1,1,2,1,1,2,2,-0.38289687,-0.2732842,-0.5060393,-0.574314,-0.21463843,-0.35868222,-0.27636373
1,5,1,5,1,1,1,1,1,1,1,1,2,-0.2935833,0.021423226,-0.56280917,-0.7015355,-0.21463843,-0.5139968,-0.27636373
1,2,1,1,1,3,1,1,1,1,1,1,1,-0.3378302,-0.7894205,-0.12931462,0.21445963,-0.21463843,0.60915774,-0.26516405
1,2,1,1,1,3,1,1,2,1,1,2,1,-0.5180953,-0.2732842,-0.53135866,-1.0832002,-0.21463843,-0.35868222,-0.49113396
1,2,1,3,1,2,1,1,2,2,1,2,1,-0.49802032,-0.2732842,-0.37876132,-0.06542778,-0.21463843,-0.35868222,-0.32906806
1,2,1,2,1,2,1,1,2,2,1,2,1,-0.4996591,-0.2732842,-0.37876132,0.061793767,-0.21463843,-0.35868222,-0.41800666
1,2,1,2,1,3,1,1,2,1,1,2,1,-0.28457004,-0.2732842,-0.10484681,0.49434704,5.67998,-0.35868222,0.21773961
1,5,1,4,1,2,1,1,1,1,1,1,2,-0.42796272,-0.5265733,-0.4876459,-0.7015355,4.560332,-0.45647287,-0.27636373
1,3,1,8,1,2,1,1,2,1,1,2,2,0.002215366,-0.2732842,-0.4989431,-1.0832002,-0.21463843,-0.35868222,-0.27636373
1,5,1,5,1,2,1,1,2,1,1,2,2,-0.29768023,-0.2732842,-0.57416314,-0.7015355,-0.21463843,-0.35868222,-0.27636373
1,6,1,4,1,4,1,1,1,1,1,1,2,-0.3054644,0.44835076,-0.32414874,0.31623688,-0.21463843,-0.7268353,-0.27636373
1,2,1,4,1,3,1,1,2,1,1,2,1,0.4938475,-0.2732842,-0.4443305,-0.7015355,-0.21463843,-0.35868222,5.3662963
1,2,1,3,1,3,1,1,2,1,1,2,1,-0.29481238,-0.2732842,-0.36791828,-1.0323116,-0.21463843,-0.35868222,-0.32840925
1,5,1,3,1,4,1,1,1,1,1,1,2,-0.48531982,-0.615782,-0.630933,0.9523446,-0.21463843,-0.5988446,-0.27636373
1,5,1,4,1,4,1,1,1,1,1,1,1,-0.4488571,-0.3178886,-0.6115177,0.69790155,-0.21463843,-0.70814,-0.8014309
1,2,1,1,1,3,1,1,1,1,1,1,1,-0.37879953,-0.87623966,0.281472,1.7665626,-0.21463843,0.74865323,-0.7460913
1,5,1,4,1,2,1,1,1,1,1,1,2,-0.43820506,-0.12513398,-0.53442425,0.31623688,-0.21463843,-0.7800449,-0.27636373
1,2,1,5,1,3,1,1,1,1,1,1,1,3.4620762,1.0879456,-0.2618722,1.2067877,-0.21463843,3.6708684,2.1454015
1,2,1,2,1,3,1,1,1,1,1,1,1,-0.23335835,-0.5504685,0.31559068,0.16357102,-0.21463843,0.37618586,-0.4344768
1,5,1,3,1,4,1,1,1,1,1,1,1,-0.45295402,-0.46285278,-0.630933,0.87601167,-0.21463843,-0.61610174,-0.80011326
1,5,1,7,2,2,1,1,1,1,1,1,2,-0.2231619,0.7295176,-0.50831014,0.11268239,-0.21463843,-0.68800664,-0.27636373
1,5,1,4,1,2,1,1,2,1,1,2,2,-0.31529704,-0.2732842,-0.48900837,-0.6506469,-0.21463843,-0.35868222,-0.27636373
1,6,1,5,1,3,1,1,1,1,1,1,2,2.8495848,1.1237884,-0.6168541,-2.457193,-0.21463843,2.8669715,-0.27636373
1,1,1,3,1,3,1,1,2,1,1,2,1,-0.038753975,-0.2732842,-0.30024862,-0.8796457,4.4286084,-0.35868222,0.5682236
1,2,1,2,1,3,1,1,2,1,1,2,1,-0.2374553,-0.2732842,1.890954,0.18901531,-0.21463843,-0.35868222,-0.12088587
1,2,1,3,1,2,1,1,2,2,1,2,1,-0.36323118,-0.2732842,-0.37876132,1.4357865,-0.21463843,-0.35868222,-0.7217155
1,2,1,2,1,2,1,1,2,2,1,2,1,-0.5160468,-0.2732842,-0.37876132,0.1381267,-0.21463843,-0.35868222,-0.47268745
1,5,1,7,1,2,1,1,1,1,1,1,2,-0.047767233,0.9071385,-0.19380517,-0.3198709,-0.21463843,-0.5068063,-0.27636373
1,3,1,7,1,1,1,1,1,1,1,1,2,0.39101443,1.4009726,-0.56280917,-1.0323116,-0.21463843,-0.18467236,-0.27636373
1,2,1,2,1,2,1,1,1,1,1,1,1,-0.42017856,-0.78543794,-0.023495622,1.5375638,-0.21463843,0.07130908,-0.80011326
1,5,1,4,1,2,1,1,2,1,1,2,2,-0.35626638,-0.2732842,-0.56280917,-0.8287571,-0.21463843,-0.35868222,-0.27636373
1,2,1,1,1,3,1,1,2,1,1,2,1,-0.39518726,-0.2732842,-0.17206232,0.23990394,-0.21463843,-0.35868222,-0.10836858
